[{"date":"22-Oct-17","owners":10494,"price":17.99},{"date":"23-Oct-17","owners":11933,"price":17.99},{"date":"24-Oct-17","owners":13300,"price":17.99},{"date":"25-Oct-17","owners":13651,"price":17.99},{"date":"26-Oct-17","owners":13462,"price":17.99},{"date":"27-Oct-17","owners":12758,"price":13.49},{"date":"28-Oct-17","owners":14596,"price":13.49},{"date":"29-Oct-17","owners":14350,"price":13.49},{"date":"30-Oct-17","owners":13112,"price":13.49},{"date":"31-Oct-17","owners":10765,"price":13.49},{"date":"01-Nov-17","owners":10244,"price":13.49},{"date":"02-Nov-17","owners":12121,"price":17.99},{"date":"03-Nov-17","owners":12233,"price":17.99},{"date":"04-Nov-17","owners":12073,"price":17.99},{"date":"05-Nov-17","owners":11737,"price":17.99},{"date":"06-Nov-17","owners":12911,"price":17.99},{"date":"07-Nov-17","owners":12473,"price":17.99},{"date":"08-Nov-17","owners":10944,"price":17.99},{"date":"09-Nov-17","owners":9618,"price":17.99},{"date":"10-Nov-17","owners":11408,"price":17.99},{"date":"11-Nov-17","owners":12775,"price":17.99},{"date":"12-Nov-17","owners":11356,"price":17.99}]
