[{"partei_kurz":"CDU","partei":"Christlich Demokratische Union","sitze":200},{"partei_kurz":"SPD","partei":"Sozialdemokratische Partei Deutschlands","sitze":153},{"partei_kurz":"DIE LINKE","partei":"DIE LINKE","sitze":69},{"partei_kurz":"GRÜNE","partei":"BÜNDNIS 90/DIE GRÜNEN","sitze":67},{"partei_kurz":"CSU","partei":"Christlich-Soziale Union in Bayern e.V.","sitze":46},{"partei_kurz":"FDP","partei":"Freie Demokratische Partei","sitze":80},{"partei_kurz":"AfD","partei":"Alternative für Deutschland","sitze":94}]
